{
  "algorithms": [
    "Random"
  ],
  "topology_info": {
    "type": "custom_stage1",
    "source_file": "topology_stage1_20250616_174812.json",
    "system": "\u57fa\u4e8e\u62d3\u6251\u611f\u77e5GNN\u67b6\u6784\u7684\u9732\u5929\u77ff\u667a\u80fd\u8c03\u5ea6\u7cfb\u7edf",
    "stage": "\u7b2c\u4e00\u9636\u6bb5\uff1a\u667a\u80fd\u62d3\u6251\u6784\u5efa",
    "ready_for_stage2": true,
    "construction_stats": {
      "paths_generated": 14,
      "total_nodes": 867,
      "avg_quality": 0.8499999999999998,
      "interfaces_count": 65
    },
    "nodes_count": 42,
    "edges_count": 154
  },
  "env_config": {
    "graph_name": "custom",
    "num_agents": 4,
    "observation_radius": 400.0,
    "max_cycles": 100,
    "agent_speed": 40.0,
    "action_method": "neighbors"
  },
  "results": {
    "Both Disturbances": {
      "Random": {
        "avg_reward": 0.3343749517982924,
        "std_reward": 0.0595682050015499,
        "avg_idleness": 33.24857142857143,
        "std_idleness": 7.083177925466049,
        "avg_steps": 100.0,
        "episode_rewards": [
          0.3624878767834485,
          0.41631455690165664,
          0.2543991514687684,
          0.3463927749092953,
          0.3231971195416042,
          0.3182704116043007,
          0.2346670673838634,
          0.26700190454557154,
          0.3598106282243539,
          0.3475884172031921,
          0.2414107291308871,
          0.3168596794722016,
          0.3071778296083736,
          0.22691202821239714,
          0.32852454121618585,
          0.41471031736120906,
          0.2599892980213522,
          0.3975545511991713,
          0.3082096259896855,
          0.31360701973322175,
          0.4690115123796603,
          0.3490405499735776,
          0.3088963799129888,
          0.3813762801136377,
          0.3847542676187024,
          0.32551385712999975,
          0.3106273500702641,
          0.2823999636835198,
          0.3386497091420662,
          0.24545384614945082,
          0.36207458087865796,
          0.46730130509109813,
          0.4107131127634777,
          0.289894134466961,
          0.3693847035469197,
          0.3091279089995581,
          0.2716659596270092,
          0.33419002180805096,
          0.4370612992373303,
          0.4374957650759433,
          0.3534588624626185,
          0.31455232529870125,
          0.33909673039191657,
          0.3695706858235326,
          0.36799437662921586,
          0.27373296815258197,
          0.28044654753383147,
          0.2877551498942102,
          0.2855515964720912,
          0.4168703110763041
        ],
        "episode_idleness": [
          28.976190476190474,
          17.047619047619047,
          36.333333333333336,
          26.976190476190474,
          36.595238095238095,
          33.523809523809526,
          42.357142857142854,
          37.976190476190474,
          23.404761904761905,
          37.5,
          41.0,
          28.547619047619047,
          39.333333333333336,
          49.76190476190476,
          35.357142857142854,
          34.904761904761905,
          45.07142857142857,
          26.88095238095238,
          27.404761904761905,
          46.38095238095238,
          30.476190476190474,
          32.88095238095238,
          40.04761904761905,
          32.214285714285715,
          24.333333333333332,
          30.61904761904762,
          29.357142857142858,
          32.19047619047619,
          32.92857142857143,
          44.45238095238095,
          28.047619047619047,
          22.857142857142858,
          20.666666666666668,
          37.523809523809526,
          30.404761904761905,
          42.714285714285715,
          33.404761904761905,
          32.714285714285715,
          28.214285714285715,
          20.595238095238095,
          36.523809523809526,
          36.523809523809526,
          27.738095238095237,
          37.07142857142857,
          28.11904761904762,
          32.45238095238095,
          37.166666666666664,
          38.142857142857146,
          42.023809523809526,
          24.69047619047619
        ]
      }
    }
  },
  "summary": {
    "Both Disturbances": {
      "best_reward_algorithm": "Random",
      "best_reward_value": 0.3343749517982924,
      "best_idleness_algorithm": "Random",
      "best_idleness_value": 33.24857142857143,
      "magec_performance": {}
    }
  },
  "timestamp": "2025-06-20 14:51:25"
}