{
  "algorithms": [
    "Random"
  ],
  "env_config": {
    "graph_name": "milwaukee",
    "num_agents": 4,
    "observation_radius": 400.0,
    "max_cycles": 100,
    "agent_speed": 40.0,
    "action_method": "neighbors"
  },
  "results": {
    "Both Disturbances": {
      "Random": {
        "avg_reward": -0.3947294770315817,
        "std_reward": 0.06126594088512128,
        "avg_idleness": 55.78199999999999,
        "std_idleness": 7.272329475484455,
        "avg_steps": 100.0,
        "episode_rewards": [
          -0.4486910379903083,
          -0.37637904593306126,
          -0.3694552610986094,
          -0.4566294471959438,
          -0.3254932727521249,
          -0.35836950408746987,
          -0.3225739899332743,
          -0.4560023411304065,
          -0.5341364194758945,
          -0.4562327156192278,
          -0.4522595067250768,
          -0.23767649074241937,
          -0.31464688895956106,
          -0.389852900587387,
          -0.5356487957475212,
          -0.359657352082625,
          -0.5040319092735872,
          -0.3329325648684352,
          -0.3995425220730726,
          -0.47653957350798654,
          -0.3432706140953735,
          -0.39311445742695883,
          -0.4145815446395971,
          -0.41891279602602827,
          -0.4116292579039355,
          -0.4236761425722266,
          -0.3775737025180246,
          -0.3875495020554084,
          -0.36126385999801663,
          -0.4095721158129463,
          -0.40228933645092063,
          -0.4923022341298029,
          -0.3382669268954347,
          -0.40213761052361635,
          -0.3511008266390644,
          -0.4788091385795761,
          -0.36176204843760495,
          -0.3671308840138989,
          -0.42432928609926834,
          -0.3457390475668325,
          -0.40611656212007036,
          -0.35099588901509654,
          -0.32386434616414317,
          -0.33705631274072584,
          -0.42327364091352015,
          -0.3782905285188331,
          -0.44352587555168116,
          -0.26730228734510525,
          -0.386709404790346,
          -0.4075761322510372
        ],
        "episode_idleness": [
          58.35,
          50.3,
          44.0,
          56.7,
          36.05,
          43.8,
          40.95,
          49.4,
          60.25,
          57.65,
          52.3,
          31.05,
          44.35,
          49.6,
          62.1,
          45.0,
          57.5,
          57.45,
          62.0,
          63.25,
          55.85,
          54.6,
          61.35,
          58.6,
          56.55,
          59.0,
          61.3,
          57.4,
          59.9,
          62.25,
          56.35,
          60.55,
          60.9,
          62.45,
          59.7,
          66.25,
          56.7,
          56.9,
          61.95,
          59.45,
          55.9,
          56.55,
          56.15,
          55.05,
          65.15,
          55.2,
          58.35,
          52.75,
          63.5,
          60.45
        ]
      }
    }
  },
  "summary": {
    "Both Disturbances": {
      "best_reward_algorithm": "Random",
      "best_reward_value": -0.3947294770315817,
      "best_idleness_algorithm": "Random",
      "best_idleness_value": 55.78199999999999,
      "magec_performance": {}
    }
  },
  "timestamp": "2025-06-20 14:11:16"
}