{
  "algorithms": [
    "MAGEC"
  ],
  "topology_info": {
    "type": "custom_stage1",
    "source_file": "complete_topology_ez.json",
    "system": "\u5b8c\u6574\u96c6\u6210\uff1a\u57fa\u4e8e\u62d3\u6251\u611f\u77e5GNN\u67b6\u6784\u7684\u9732\u5929\u77ff\u667a\u80fd\u8c03\u5ea6\u7cfb\u7edf",
    "stage": "\u7b2c\u4e00\u9636\u6bb5\uff1a\u667a\u80fd\u62d3\u6251\u6784\u5efa",
    "ready_for_stage2": true,
    "construction_stats": {
      "paths_generated": 52,
      "total_nodes": 2767,
      "avg_quality": 0.8800000000000006,
      "interfaces_count": 367,
      "step_times": {
        "\u53cc\u5411\u8def\u5f84\u667a\u80fd\u89c4\u5212": 10.106235980987549,
        "\u52a8\u6001\u8282\u70b9\u5bc6\u5ea6\u63a7\u5236": 0.0010013580322265625,
        "\u5173\u952e\u8282\u70b9\u805a\u7c7b\u63d0\u53d6": 0.06101632118225098,
        "\u8f66\u8f86\u52a8\u529b\u5b66\u7ea6\u675f\u62df\u5408": 0.5054264068603516,
        "\u56fe\u62d3\u6251\u6807\u51c6\u5316\u8f93\u51fa": 0.00501251220703125
      }
    },
    "nodes_count": 141,
    "edges_count": 211
  },
  "env_config": {
    "graph_name": "custom",
    "num_agents": 4,
    "observation_radius": 400.0,
    "max_cycles": 100,
    "agent_speed": 40.0,
    "action_method": "neighbors"
  },
  "results": {
    "Normal": {
      "MAGEC": {
        "avg_reward": 0.13702456271149493,
        "std_reward": 0.0,
        "avg_idleness": 95.41134751773048,
        "std_idleness": 1.4210854715202004e-14,
        "avg_steps": 100.0,
        "episode_rewards": [
          0.13702456271149493,
          0.13702456271149493,
          0.13702456271149493,
          0.13702456271149493,
          0.13702456271149493,
          0.13702456271149493,
          0.13702456271149493,
          0.13702456271149493,
          0.13702456271149493,
          0.13702456271149493,
          0.13702456271149493,
          0.13702456271149493,
          0.13702456271149493,
          0.13702456271149493,
          0.13702456271149493,
          0.13702456271149493,
          0.13702456271149493,
          0.13702456271149493,
          0.13702456271149493,
          0.13702456271149493,
          0.13702456271149493,
          0.13702456271149493,
          0.13702456271149493,
          0.13702456271149493,
          0.13702456271149493,
          0.13702456271149493,
          0.13702456271149493,
          0.13702456271149493,
          0.13702456271149493,
          0.13702456271149493,
          0.13702456271149493,
          0.13702456271149493,
          0.13702456271149493,
          0.13702456271149493,
          0.13702456271149493,
          0.13702456271149493,
          0.13702456271149493,
          0.13702456271149493,
          0.13702456271149493,
          0.13702456271149493,
          0.13702456271149493,
          0.13702456271149493,
          0.13702456271149493,
          0.13702456271149493,
          0.13702456271149493,
          0.13702456271149493,
          0.13702456271149493,
          0.13702456271149493,
          0.13702456271149493,
          0.13702456271149493
        ],
        "episode_idleness": [
          95.41134751773049,
          95.41134751773049,
          95.41134751773049,
          95.41134751773049,
          95.41134751773049,
          95.41134751773049,
          95.41134751773049,
          95.41134751773049,
          95.41134751773049,
          95.41134751773049,
          95.41134751773049,
          95.41134751773049,
          95.41134751773049,
          95.41134751773049,
          95.41134751773049,
          95.41134751773049,
          95.41134751773049,
          95.41134751773049,
          95.41134751773049,
          95.41134751773049,
          95.41134751773049,
          95.41134751773049,
          95.41134751773049,
          95.41134751773049,
          95.41134751773049,
          95.41134751773049,
          95.41134751773049,
          95.41134751773049,
          95.41134751773049,
          95.41134751773049,
          95.41134751773049,
          95.41134751773049,
          95.41134751773049,
          95.41134751773049,
          95.41134751773049,
          95.41134751773049,
          95.41134751773049,
          95.41134751773049,
          95.41134751773049,
          95.41134751773049,
          95.41134751773049,
          95.41134751773049,
          95.41134751773049,
          95.41134751773049,
          95.41134751773049,
          95.41134751773049,
          95.41134751773049,
          95.41134751773049,
          95.41134751773049,
          95.41134751773049
        ]
      }
    }
  },
  "summary": {
    "Normal": {
      "best_reward_algorithm": "MAGEC",
      "best_reward_value": 0.13702456271149493,
      "best_idleness_algorithm": "MAGEC",
      "best_idleness_value": 95.41134751773048,
      "magec_performance": {
        "avg_reward": 0.13702456271149493,
        "std_reward": 0.0,
        "avg_idleness": 95.41134751773048,
        "std_idleness": 1.4210854715202004e-14,
        "avg_steps": 100.0,
        "episode_rewards": [
          0.13702456271149493,
          0.13702456271149493,
          0.13702456271149493,
          0.13702456271149493,
          0.13702456271149493,
          0.13702456271149493,
          0.13702456271149493,
          0.13702456271149493,
          0.13702456271149493,
          0.13702456271149493,
          0.13702456271149493,
          0.13702456271149493,
          0.13702456271149493,
          0.13702456271149493,
          0.13702456271149493,
          0.13702456271149493,
          0.13702456271149493,
          0.13702456271149493,
          0.13702456271149493,
          0.13702456271149493,
          0.13702456271149493,
          0.13702456271149493,
          0.13702456271149493,
          0.13702456271149493,
          0.13702456271149493,
          0.13702456271149493,
          0.13702456271149493,
          0.13702456271149493,
          0.13702456271149493,
          0.13702456271149493,
          0.13702456271149493,
          0.13702456271149493,
          0.13702456271149493,
          0.13702456271149493,
          0.13702456271149493,
          0.13702456271149493,
          0.13702456271149493,
          0.13702456271149493,
          0.13702456271149493,
          0.13702456271149493,
          0.13702456271149493,
          0.13702456271149493,
          0.13702456271149493,
          0.13702456271149493,
          0.13702456271149493,
          0.13702456271149493,
          0.13702456271149493,
          0.13702456271149493,
          0.13702456271149493,
          0.13702456271149493
        ],